{
  "bands": [
    "u",
    "g",
    "r",
    "i",
    "z",
    "y"
  ],
  "dust": {
    "u": 4.757217815396922,
    "g": 3.6605664439892625,
    "r": 2.70136780871597,
    "i": 2.0536599130965882,
    "z": 1.5900964472616756,
    "y": 1.3077049588254708
  },
  "model_error": {
    "u": 0.05472967167141511,
    "g": 0.05472967167141511,
    "r": 0.05472967167141511,
    "i": 0.05472967167141511,
    "z": 0.05472967167141511,
    "y": 0.05472967167141511
  }
}